Iteraciones,Tiempo_Total_Segundos,Mejor_Score,n_estimators,max_depth,min_samples_split,min_samples_leaf,max_features,bootstrap,criterion,class_weight,max_leaf_nodes,min_impurity_decrease
15000,13874.025203704834,0.7435952194357367,81,20,13,2,0.12626865641369803,1,1,0,46,0.0027944201200253427
10000,9254.942753791809,0.7479702194357366,41,16,20,5,0.31251820897940286,1,0,0,197,0.0032110215121343155
20000,18463.323581695557,0.7486010971786834,51,9,20,1,0.1665299288467756,1,1,0,156,0.004216871165552416
25000,23344.44429898262,0.7454604231974922,37,19,20,3,0.1371800582144901,1,0,1,93,0.0007227960687493318
